{"type": "backprop", "data_points": [{"x": 0.0, "y": 0.0, "label": 0}, {"x": 0.0, "y": 1.0, "label": 1}, {"x": 1.0, "y": 0.0, "label": 1}, {"x": 1.0, "y": 1.0, "label": 0}], "loss_history": [0.257361, 0.255838, 0.254895, 0.25429, 0.253879, 0.253578, 0.253339, 0.253136, 0.252953, 0.252782, 0.252618, 0.252459, 0.252302, 0.252147, 0.251994, 0.251842, 0.251691, 0.25154, 0.25139, 0.25124, 0.251091, 0.250942, 0.250793, 0.250644, 0.250495, 0.250346, 0.250198, 0.250049, 0.2499, 0.249751, 0.249601, 0.249451, 0.249301, 0.249151, 0.249, 0.248849, 0.248697, 0.248545, 0.248392, 0.248239, 0.248085, 0.24793, 0.247776, 0.24762, 0.247464, 0.247307, 0.24715, 0.246992, 0.246833, 0.246674, 0.246514, 0.246354, 0.246193, 0.246031, 0.245869, 0.245706, 0.245543, 0.245378, 0.245214, 0.245048, 0.244882, 0.244716, 0.244549, 0.244381, 0.244213, 0.244044, 0.243875, 0.243705, 0.243535, 0.243364, 0.243193, 0.243021, 0.242849, 0.242677, 0.242503, 0.24233, 0.242156, 0.241981, 0.241806, 0.241631, 0.241455, 0.241279, 0.241103, 0.240926, 0.240748, 0.240571, 0.240393, 0.240214, 0.240035, 0.239856, 0.239676, 0.239496, 0.239316, 0.239135, 0.238954, 0.238773, 0.238591, 0.238408, 0.238226, 0.238043], "acc_history": [75.0, 75.0, 50.0, 50.0, 50.0, 50.0, 50.0, 50.0, 50.0, 50.0, 50.0, 50.0, 50.0, 50.0, 50.0, 50.0, 50.0, 50.0, 50.0, 50.0, 50.0, 50.0, 50.0, 50.0, 50.0, 50.0, 50.0, 50.0, 50.0, 50.0, 50.0, 50.0, 50.0, 50.0, 50.0, 50.0, 50.0, 50.0, 50.0, 50.0, 50.0, 50.0, 50.0, 50.0, 50.0, 50.0, 50.0, 50.0, 50.0, 50.0, 50.0, 50.0, 50.0, 50.0, 50.0, 50.0, 50.0, 50.0, 50.0, 50.0, 50.0, 50.0, 50.0, 50.0, 50.0, 50.0, 50.0, 50.0, 50.0, 50.0, 50.0, 50.0, 50.0, 50.0, 50.0, 50.0, 50.0, 50.0, 50.0, 50.0, 50.0, 50.0, 50.0, 50.0, 50.0, 50.0, 50.0, 75.0, 75.0, 75.0, 75.0, 75.0, 75.0, 75.0, 75.0, 75.0, 75.0, 75.0, 75.0, 75.0], "grad_norm_history": [0.0781, 0.0648, 0.0548, 0.0476, 0.0424, 0.0387, 0.0362, 0.0344, 0.0332, 0.0323, 0.0316, 0.0312, 0.0308, 0.0305, 0.0303, 0.0301, 0.03, 0.0298, 0.0297, 0.0296, 0.0296, 0.0295, 0.0294, 0.0294, 0.0293, 0.0293, 0.0293, 0.0292, 0.0292, 0.0292, 0.0292, 0.0292, 0.0292, 0.0292, 0.0292, 0.0292, 0.0292, 0.0293, 0.0293, 0.0293, 0.0293, 0.0294, 0.0294, 0.0294, 0.0295, 0.0295, 0.0295, 0.0296, 0.0296, 0.0297, 0.0297, 0.0297, 0.0298, 0.0298, 0.0299, 0.0299, 0.03, 0.03, 0.0301, 0.0301, 0.0302, 0.0303, 0.0303, 0.0304, 0.0304, 0.0305, 0.0306, 0.0306, 0.0307, 0.0308, 0.0309, 0.0309, 0.031, 0.0311, 0.0312, 0.0312, 0.0313, 0.0314, 0.0315, 0.0316, 0.0317, 0.0317, 0.0318, 0.0319, 0.032, 0.0321, 0.0322, 0.0323, 0.0324, 0.0325, 0.0326, 0.0327, 0.0328, 0.0329, 0.033, 0.0331, 0.0332, 0.0333, 0.0334, 0.0335], "snapshots": [{"ep": 1, "boundary": {"xs": [-0.2, -0.103, -0.007, 0.09, 0.186, 0.283, 0.379, 0.476, 0.572, 0.669, 0.766, 0.862, 0.959, 1.055, 1.152], "ys": [-0.2, -0.103, -0.007, 0.09, 0.186, 0.283, 0.379, 0.476, 0.572, 0.669, 0.766, 0.862, 0.959, 1.055, 1.152], "z": [[0.38, 0.398, 0.416, 0.434, 0.453, 0.471, 0.489, 0.507, 0.524, 0.54, 0.556, 0.571, 0.585, 0.598, 0.611], [0.387, 0.405, 0.424, 0.442, 0.461, 0.479, 0.497, 0.515, 0.532, 0.549, 0.564, 0.579, 0.593, 0.606, 0.619], [0.395, 0.413, 0.432, 0.45, 0.469, 0.487, 0.506, 0.523, 0.541, 0.557, 0.572, 0.587, 0.601, 0.614, 0.626], [0.403, 0.421, 0.44, 0.458, 0.477, 0.496, 0.514, 0.531, 0.548, 0.565, 0.58, 0.595, 0.609, 0.621, 0.633], [0.411, 0.429, 0.448, 0.466, 0.485, 0.504, 0.522, 0.539, 0.556, 0.572, 0.588, 0.602, 0.616, 0.628, 0.64], [0.419, 0.437, 0.456, 0.474, 0.493, 0.511, 0.529, 0.547, 0.563, 0.579, 0.595, 0.609, 0.622, 0.635, 0.647], [0.427, 0.445, 0.463, 0.482, 0.501, 0.519, 0.537, 0.554, 0.571, 0.586, 0.601, 0.615, 0.629, 0.641, 0.652], [0.435, 0.453, 0.471, 0.49, 0.508, 0.526, 0.544, 0.561, 0.577, 0.593, 0.608, 0.622, 0.635, 0.647, 0.658], [0.443, 0.461, 0.479, 0.497, 0.515, 0.533, 0.55, 0.567, 0.584, 0.599, 0.614, 0.627, 0.64, 0.652, 0.663], [0.45, 0.468, 0.486, 0.504, 0.522, 0.54, 0.557, 0.574, 0.589, 0.605, 0.619, 0.633, 0.645, 0.657, 0.668], [0.458, 0.475, 0.493, 0.511, 0.529, 0.546, 0.563, 0.579, 0.595, 0.61, 0.624, 0.637, 0.65, 0.661, 0.672], [0.465, 0.483, 0.5, 0.518, 0.535, 0.552, 0.569, 0.585, 0.6, 0.615, 0.629, 0.642, 0.654, 0.666, 0.676], [0.472, 0.489, 0.507, 0.524, 0.541, 0.558, 0.574, 0.59, 0.605, 0.619, 0.633, 0.646, 0.658, 0.669, 0.68], [0.479, 0.496, 0.513, 0.53, 0.546, 0.563, 0.579, 0.594, 0.609, 0.624, 0.637, 0.65, 0.662, 0.673, 0.683], [0.486, 0.502, 0.519, 0.535, 0.552, 0.568, 0.583, 0.599, 0.613, 0.627, 0.641, 0.653, 0.665, 0.676, 0.686]]}, "acc": 75.0}, {"ep": 50, "boundary": {"xs": [-0.2, -0.103, -0.007, 0.09, 0.186, 0.283, 0.379, 0.476, 0.572, 0.669, 0.766, 0.862, 0.959, 1.055, 1.152], "ys": [-0.2, -0.103, -0.007, 0.09, 0.186, 0.283, 0.379, 0.476, 0.572, 0.669, 0.766, 0.862, 0.959, 1.055, 1.152], "z": [[0.345, 0.36, 0.375, 0.391, 0.406, 0.422, 0.437, 0.453, 0.468, 0.483, 0.497, 0.511, 0.524, 0.537, 0.549], [0.355, 0.37, 0.385, 0.401, 0.416, 0.432, 0.448, 0.463, 0.478, 0.493, 0.507, 0.52, 0.533, 0.546, 0.558], [0.365, 0.38, 0.396, 0.411, 0.427, 0.442, 0.458, 0.473, 0.488, 0.502, 0.516, 0.529, 0.542, 0.554, 0.566], [0.375, 0.391, 0.406, 0.421, 0.437, 0.452, 0.468, 0.483, 0.497, 0.511, 0.525, 0.538, 0.55, 0.562, 0.573], [0.386, 0.401, 0.416, 0.432, 0.447, 0.462, 0.477, 0.492, 0.506, 0.52, 0.533, 0.546, 0.558, 0.569, 0.58], [0.396, 0.411, 0.426, 0.441, 0.457, 0.472, 0.486, 0.501, 0.514, 0.528, 0.541, 0.553, 0.565, 0.576, 0.586], [0.406, 0.421, 0.436, 0.451, 0.466, 0.48, 0.495, 0.509, 0.522, 0.535, 0.548, 0.56, 0.571, 0.582, 0.592], [0.416, 0.431, 0.445, 0.46, 0.475, 0.489, 0.503, 0.517, 0.53, 0.542, 0.555, 0.566, 0.577, 0.588, 0.597], [0.426, 0.44, 0.454, 0.469, 0.483, 0.497, 0.511, 0.524, 0.537, 0.549, 0.561, 0.572, 0.582, 0.592, 0.602], [0.435, 0.449, 0.463, 0.477, 0.491, 0.504, 0.518, 0.53, 0.543, 0.555, 0.566, 0.577, 0.587, 0.597, 0.606], [0.444, 0.458, 0.471, 0.485, 0.498, 0.511, 0.524, 0.536, 0.548, 0.56, 0.571, 0.581, 0.591, 0.601, 0.61], [0.452, 0.466, 0.479, 0.492, 0.505, 0.518, 0.53, 0.542, 0.553, 0.565, 0.575, 0.585, 0.595, 0.604, 0.613], [0.46, 0.473, 0.486, 0.499, 0.511, 0.524, 0.535, 0.547, 0.558, 0.569, 0.579, 0.589, 0.598, 0.607, 0.615], [0.468, 0.481, 0.493, 0.505, 0.517, 0.529, 0.54, 0.551, 0.562, 0.572, 0.582, 0.592, 0.601, 0.609, 0.617], [0.475, 0.487, 0.499, 0.511, 0.522, 0.534, 0.545, 0.555, 0.566, 0.576, 0.585, 0.594, 0.603, 0.611, 0.619]]}, "acc": 50.0}, {"ep": 100, "boundary": {"xs": [-0.2, -0.103, -0.007, 0.09, 0.186, 0.283, 0.379, 0.476, 0.572, 0.669, 0.766, 0.862, 0.959, 1.055, 1.152], "ys": [-0.2, -0.103, -0.007, 0.09, 0.186, 0.283, 0.379, 0.476, 0.572, 0.669, 0.766, 0.862, 0.959, 1.055, 1.152],